date,filename,scan_hour,up_default_smooth,up_manual,delta,color_p_lo,color_p_hi,note,saved_at_utc
2025-04-16,ESS00320_0016_hemi_20250416-231030Z_0800_0400.csv,23,176.43,180.0,3.57,2,98,,2026-06-30T10:06:56+00:00
2025-04-17,ESS00320_0038_hemi_20250417-231030Z_0800_0400.csv,23,176.43,180.0,3.57,20,80,,2026-06-30T10:10:28+00:00
2025-04-18,ESS00320_0054_hemi_20250418-171029Z_0800_0400.csv,17,176.43,180.0,3.57,20,80,,2026-06-30T10:11:26+00:00
2025-04-19,ESS00320_0082_hemi_20250419-231030Z_0800_0400.csv,23,176.81,181.5,4.69,20,80,,2026-06-30T10:12:57+00:00
2025-04-20,ESS00320_0101_hemi_20250420-201030Z_0800_0400.csv,20,177.19,181.8,4.61,43,87,,2026-06-30T10:15:39+00:00
2025-04-21,ESS00320_0126_hemi_20250421-231030Z_0800_0400.csv,23,177.57,181.9,4.33,43,87,,2026-06-30T10:16:27+00:00
2025-04-22,ESS00320_0148_hemi_20250422-231031Z_0800_0400.csv,23,177.95,182.0,4.05,43,87,,2026-06-30T10:16:51+00:00
2025-04-23,ESS00320_0170_hemi_20250423-231032Z_0800_0400.csv,23,178.33,182.3,3.97,43,87,,2026-06-30T10:17:14+00:00
2025-04-24,ESS00320_0175_hemi_20250424-051028Z_0800_0400.csv,5,178.71,182.7,3.99,43,87,,2026-06-30T10:17:50+00:00
2025-04-25,ESS00320_0214_hemi_20250425-231030Z_0800_0400.csv,23,179.09,183.1,4.01,43,87,,2026-06-30T10:18:11+00:00
2025-04-26,ESS00320_0230_hemi_20250426-171027Z_0800_0400.csv,17,179.46,183.2,3.74,50,98,,2026-07-01T09:29:58+00:00
2025-04-26,ESS00320_0236_hemi_20250426-231031Z_0800_0400.csv,23,179.46,183.5,4.04,43,87,,2026-06-30T10:18:37+00:00
2025-04-27,ESS00320_0247_hemi_20250427-111030Z_0800_0400.csv,11,179.84,183.3,3.46,50,98,,2026-07-01T09:30:10+00:00
2025-04-27,ESS00320_0258_hemi_20250427-231031Z_0800_0400.csv,23,179.84,183.8,3.96,43,87,,2026-06-30T10:19:00+00:00
2025-04-28,ESS00320_0280_hemi_20250428-231030Z_0800_0400.csv,23,180.21,183.6,3.39,30,85,,2026-06-30T11:30:40+00:00
2025-04-29,ESS00320_0291_hemi_20250429-111031Z_0800_0400.csv,11,180.58,183.7,3.12,50,98,,2026-07-01T09:30:41+00:00
2025-04-29,ESS00320_0302_hemi_20250429-231030Z_0800_0400.csv,23,180.58,183.6,3.02,30,85,,2026-06-30T11:31:30+00:00
2025-04-30,ESS00320_0313_hemi_20250430-111033Z_0800_0400.csv,11,180.94,184.0,3.06,50,98,,2026-07-01T09:30:59+00:00
2025-04-30,ESS00320_0324_hemi_20250430-231030Z_0800_0400.csv,23,180.94,183.9,2.96,30,85,,2026-06-30T11:31:47+00:00
2025-05-01,ESS00320_0346_hemi_20250501-231030Z_0800_0400.csv,23,181.31,184.3,2.99,30,85,,2026-06-30T11:31:59+00:00
2025-05-02,ESS00320_0357_hemi_20250502-111031Z_0800_0400.csv,11,181.67,185.1,3.43,50,98,,2026-07-01T09:31:31+00:00
2025-05-02,ESS00320_0368_hemi_20250502-231030Z_0800_0400.csv,23,181.67,185.7,4.03,30,85,,2026-06-30T11:32:21+00:00
2025-05-03,ESS00320_0371_hemi_20250503-021031Z_0800_0400.csv,2,182.03,185.8,3.77,30,85,,2026-06-30T11:32:52+00:00
2025-05-03,ESS00320_0382_hemi_20250503-141031Z_0800_0400.csv,14,182.03,185.6,3.57,50,98,,2026-07-01T09:31:43+00:00
2025-05-04,ESS00320_0412_hemi_20250504-231031Z_0800_0400.csv,23,182.38,185.8,3.42,30,85,,2026-06-30T11:33:21+00:00
2025-05-05,ESS00320_0426_hemi_20250505-141030Z_0800_0400.csv,14,182.74,185.9,3.16,50,98,,2026-07-01T09:31:58+00:00
2025-05-05,ESS00320_0434_hemi_20250505-231029Z_0800_0400.csv,23,182.74,186.3,3.56,30,85,,2026-06-30T11:34:53+00:00
2025-05-06,ESS00320_0445_hemi_20250506-111031Z_0800_0400.csv,11,183.09,186.6,3.51,50,98,,2026-07-01T09:32:11+00:00
2025-05-06,ESS00320_0456_hemi_20250506-231030Z_0800_0400.csv,23,183.09,186.8,3.71,30,85,,2026-06-30T11:35:25+00:00
2025-05-07,ESS00320_0470_hemi_20250507-141030Z_0800_0400.csv,14,183.46,186.8,3.34,50,98,,2026-07-01T09:32:21+00:00
2025-05-07,ESS00320_0478_hemi_20250507-231030Z_0800_0400.csv,23,183.46,186.8,3.34,40,90,,2026-06-30T11:37:07+00:00
2025-05-08,ESS00320_0486_hemi_20250508-081030Z_0800_0400.csv,8,183.83,186.6,2.77,50,98,,2026-07-01T09:32:34+00:00
2025-05-08,ESS00320_0500_hemi_20250508-231032Z_0800_0400.csv,23,183.83,187.3,3.47,40,90,,2026-06-30T11:37:34+00:00
2025-05-09,ESS00320_0511_hemi_20250509-111031Z_0800_0400.csv,11,184.24,187.2,2.96,50,98,,2026-07-01T09:32:47+00:00
2025-05-09,ESS00320_0522_hemi_20250509-231030Z_0800_0400.csv,23,184.24,187.5,3.26,40,90,,2026-06-30T11:37:58+00:00
2025-05-10,ESS00320_0544_hemi_20250510-231031Z_0800_0400.csv,23,184.63,187.5,2.87,50,98,,2026-07-01T08:27:54+00:00
2025-05-11,ESS00320_0566_hemi_20250511-231031Z_0800_0400.csv,23,185.02,187.5,2.48,50,98,,2026-07-01T08:28:36+00:00
2025-05-12,ESS00320_0569_hemi_20250512-021030Z_0800_0400.csv,2,185.4,187.6,2.2,50,98,,2026-07-01T08:28:53+00:00
2025-05-13,ESS00320_0599_hemi_20250513-111030Z_0800_0400.csv,11,185.69,187.4,1.71,50,98,,2026-07-01T09:33:32+00:00
2025-05-13,ESS00320_0610_hemi_20250513-231030Z_0800_0400.csv,23,185.69,187.9,2.21,50,98,,2026-07-01T08:29:08+00:00
2025-05-14,ESS00320_0632_hemi_20250514-231031Z_0800_0400.csv,23,186.03,188.2,2.17,50,98,,2026-07-01T08:29:22+00:00
2025-05-15,ESS00320_0635_hemi_20250515-021030Z_0800_0400.csv,2,186.36,188.1,1.74,50,98,,2026-07-01T09:33:52+00:00
2025-05-15,ESS00320_0654_hemi_20250515-231030Z_0800_0400.csv,23,186.36,188.3,1.94,50,98,,2026-07-01T08:29:37+00:00
2025-05-16,ESS00320_0676_hemi_20250516-231031Z_0800_0400.csv,23,186.65,188.4,1.75,50,98,,2026-07-01T08:29:54+00:00
2025-05-17,ESS00320_0687_hemi_20250517-111031Z_0800_0400.csv,11,186.92,188.2,1.28,50,98,,2026-07-01T09:34:12+00:00
2025-05-17,ESS00320_0698_hemi_20250517-231031Z_0800_0400.csv,23,186.92,188.4,1.48,50,98,,2026-07-01T08:30:12+00:00
2025-05-18,ESS00320_0709_hemi_20250518-111031Z_0800_0400.csv,11,187.16,188.2,1.04,50,98,,2026-07-01T09:34:27+00:00
2025-05-18,ESS00320_0720_hemi_20250518-231030Z_0800_0400.csv,23,187.16,188.5,1.34,50,98,,2026-07-01T08:30:31+00:00
2025-05-19,ESS00320_0731_hemi_20250519-111031Z_0800_0400.csv,11,187.38,188.2,0.82,50,98,,2026-07-01T09:34:40+00:00
2025-05-19,ESS00320_0742_hemi_20250519-231031Z_0800_0400.csv,23,187.38,188.4,1.02,50,98,,2026-07-01T08:30:56+00:00
2025-05-20,ESS00320_0764_hemi_20250520-231029Z_0800_0400.csv,23,187.59,188.4,0.81,50,98,,2026-07-01T08:31:13+00:00
2025-05-21,ESS00320_0767_hemi_20250521-021030Z_0800_0400.csv,2,187.78,188.5,0.72,50,98,,2026-07-01T08:31:28+00:00
2025-05-21,ESS00320_0775_hemi_20250521-111030Z_0800_0400.csv,11,187.78,188.4,0.62,50,98,,2026-07-01T09:35:02+00:00
2025-05-22,ESS00320_0808_hemi_20250522-231032Z_0800_0400.csv,23,187.97,188.5,0.53,50,98,,2026-07-01T08:31:51+00:00
2025-05-23,ESS00320_0830_hemi_20250523-231029Z_0800_0400.csv,23,188.16,188.6,0.44,50,98,,2026-07-01T08:32:15+00:00
2025-05-24,ESS00320_0841_hemi_20250524-111030Z_0800_0400.csv,11,188.33,188.3,-0.03,50,98,,2026-07-01T09:35:32+00:00
2025-05-24,ESS00320_0852_hemi_20250524-231030Z_0800_0400.csv,23,188.33,188.5,0.17,50,98,,2026-07-01T08:32:33+00:00
2025-05-25,ESS00320_0855_hemi_20250525-021030Z_0800_0400.csv,2,188.51,188.4,-0.11,50,98,,2026-07-01T08:32:54+00:00
2025-05-26,ESS00320_0885_hemi_20250526-111030Z_0800_0400.csv,11,188.68,188.9,0.22,50,98,,2026-07-01T09:35:53+00:00
2025-05-26,ESS00320_0896_hemi_20250526-231030Z_0800_0400.csv,23,188.68,189.1,0.42,50,98,,2026-07-01T08:33:14+00:00
2025-05-27,ESS00320_0918_hemi_20250527-231031Z_0800_0400.csv,23,188.84,189.3,0.46,50,98,,2026-07-01T08:33:37+00:00
2025-05-28,ESS00320_0921_hemi_20250528-021030Z_0800_0400.csv,2,189,189.4,0.4,50,98,,2026-07-01T08:33:56+00:00
2025-05-29,ESS00320_0962_hemi_20250529-231031Z_0800_0400.csv,23,189.15,189.4,0.25,50,98,,2026-07-01T08:34:13+00:00
2025-05-30,ESS00320_0984_hemi_20250530-231031Z_0800_0400.csv,23,189.29,189.3,0.01,50,98,,2026-07-01T08:34:31+00:00
2025-05-31,ESS00320_1006_hemi_20250531-231031Z_0800_0400.csv,23,189.43,189.3,-0.13,50,98,,2026-07-01T08:34:54+00:00
2025-06-01,ESS00320_1009_hemi_20250601-021029Z_0800_0400.csv,2,189.57,189.3,-0.27,50,98,,2026-07-01T08:35:12+00:00
2025-06-02,ESS00320_1036_hemi_20250602-081030Z_0800_0400.csv,8,189.7,189.7,0.0,50,98,,2026-07-01T09:39:20+00:00
2025-06-02,ESS00320_1050_hemi_20250602-231030Z_0800_0400.csv,23,189.7,189.9,0.2,40,90,,2026-06-30T11:45:58+00:00
2025-06-03,ESS00320_1061_hemi_20250603-111030Z_0800_0400.csv,11,189.83,190.0,0.17,50,98,,2026-07-01T08:35:42+00:00
2025-06-04,ESS00320_1094_hemi_20250604-231031Z_0800_0400.csv,23,189.95,190.0,0.05,50,98,,2026-07-01T08:35:59+00:00
2025-06-05,ESS00320_1116_hemi_20250605-231031Z_0800_0400.csv,23,190.06,190.2,0.14,50,98,,2026-07-01T08:36:13+00:00
2025-06-06,ESS00320_1121_hemi_20250606-051028Z_0800_0400.csv,5,190.17,190.1,-0.07,50,98,,2026-07-01T09:40:25+00:00
2025-06-06,ESS00320_1138_hemi_20250606-231032Z_0800_0400.csv,23,190.17,190.1,-0.07,50,98,,2026-07-01T08:36:28+00:00
2025-06-07,ESS00320_1154_hemi_20250607-171028Z_0800_0400.csv,17,190.27,190.1,-0.17,50,98,,2026-07-01T09:40:41+00:00
2025-06-07,ESS00320_1160_hemi_20250607-231031Z_0800_0400.csv,23,190.27,190.2,-0.07,50,98,,2026-07-01T08:36:45+00:00
2025-06-08,ESS00320_1182_hemi_20250608-231029Z_0800_0400.csv,23,190.36,190.3,-0.06,50,98,,2026-07-01T08:37:01+00:00
2025-06-09,ESS00320_1204_hemi_20250609-231030Z_0800_0400.csv,23,190.45,190.0,-0.45,50,98,,2026-07-01T08:37:23+00:00
2025-06-10,ESS00320_1226_hemi_20250610-231030Z_0800_0400.csv,23,190.53,190.1,-0.43,50,98,,2026-07-01T08:37:44+00:00
2025-06-11,ESS00320_1237_hemi_20250611-111030Z_0800_0400.csv,11,190.61,190.5,-0.11,50,98,,2026-07-01T09:42:32+00:00
2025-06-11,ESS00320_1248_hemi_20250611-231031Z_0800_0400.csv,23,190.61,190.8,0.19,50,98,,2026-07-01T08:37:55+00:00
2025-06-12,ESS00320_1270_hemi_20250612-231030Z_0800_0400.csv,23,190.69,191.0,0.31,40,90,,2026-06-30T11:47:48+00:00
2025-06-13,ESS00320_1292_hemi_20250613-231031Z_0800_0400.csv,23,190.77,191.0,0.23,57,88,,2026-06-30T11:49:38+00:00
2025-06-14,ESS00320_1303_hemi_20250614-111031Z_0800_0400.csv,11,190.84,190.9,0.06,50,98,,2026-07-01T09:43:05+00:00
2025-06-14,ESS00320_1314_hemi_20250614-231030Z_0800_0400.csv,23,190.84,191.1,0.26,57,88,,2026-06-30T11:49:51+00:00
2025-06-15,ESS00320_1317_hemi_20250615-021031Z_0800_0400.csv,2,190.91,191.1,0.19,50,98,,2026-07-01T08:38:33+00:00
2025-06-16,ESS00320_1358_hemi_20250616-231029Z_0800_0400.csv,23,190.97,191.0,0.03,50,98,,2026-07-01T08:38:50+00:00
2025-06-17,ESS00320_1380_hemi_20250617-231030Z_0800_0400.csv,23,191.04,190.9,-0.14,50,98,,2026-07-01T08:39:05+00:00
2025-06-18,ESS00320_1402_hemi_20250618-231030Z_0800_0400.csv,23,191.1,191.0,-0.1,50,98,,2026-07-01T08:39:25+00:00
2025-06-19,ESS00320_1424_hemi_20250619-231030Z_0800_0400.csv,23,191.16,190.9,-0.26,50,98,,2026-07-01T08:39:42+00:00
2025-06-20,ESS00320_1432_hemi_20250620-081031Z_0800_0400.csv,8,191.22,191.0,-0.22,50,98,,2026-07-01T09:44:10+00:00
2025-06-20,ESS00320_1446_hemi_20250620-231031Z_0800_0400.csv,23,191.22,191.1,-0.12,50,98,,2026-07-01T08:40:01+00:00
2025-06-21,ESS00320_1468_hemi_20250621-231030Z_0800_0400.csv,23,191.28,191.2,-0.08,50,98,,2026-07-01T08:40:15+00:00
2025-06-22,ESS00320_1490_hemi_20250622-231031Z_0800_0400.csv,23,191.34,191.2,-0.14,50,98,,2026-07-01T08:40:33+00:00
2025-06-23,ESS00320_1512_hemi_20250623-231030Z_0800_0400.csv,23,191.41,191.2,-0.21,50,98,,2026-07-01T08:40:46+00:00
2025-06-24,ESS00320_1534_hemi_20250624-231029Z_0800_0400.csv,23,191.47,190.7,-0.77,50,98,,2026-07-01T08:41:11+00:00
2025-06-25,ESS00320_1556_hemi_20250625-231031Z_0800_0400.csv,23,191.52,190.8,-0.72,50,98,,2026-07-01T08:41:33+00:00
2025-06-26,ESS00320_1570_hemi_20250626-141031Z_0800_0400.csv,14,191.6,190.9,-0.7,50,98,,2026-07-01T09:45:15+00:00
2025-06-26,ESS00320_1578_hemi_20250626-231030Z_0800_0400.csv,23,191.6,191.3,-0.3,50,98,,2026-07-01T08:42:01+00:00
2025-06-27,ESS00320_1589_hemi_20250627-111031Z_0800_0400.csv,11,191.68,191.1,-0.58,50,98,,2026-07-01T09:45:28+00:00
2025-06-27,ESS00320_1600_hemi_20250627-231031Z_0800_0400.csv,23,191.68,191.4,-0.28,50,98,,2026-07-01T08:42:17+00:00
2025-06-28,ESS00320_1622_hemi_20250628-231031Z_0800_0400.csv,23,191.76,191.6,-0.16,50,98,,2026-07-01T08:42:30+00:00
2025-06-29,ESS00320_1644_hemi_20250629-231031Z_0800_0400.csv,23,191.84,191.6,-0.24,50,98,,2026-07-01T08:42:44+00:00
2025-06-30,ESS00320_1666_hemi_20250630-231031Z_0800_0400.csv,23,191.93,191.8,-0.13,50,98,,2026-07-01T08:42:57+00:00
2025-07-01,ESS00320_1677_hemi_20250701-111030Z_0800_0400.csv,11,192.03,191.6,-0.43,50,98,,2026-07-01T09:46:08+00:00
2025-07-01,ESS00320_1688_hemi_20250701-231031Z_0800_0400.csv,23,192.03,191.8,-0.23,50,98,,2026-07-01T08:43:09+00:00
2025-07-02,ESS00320_1710_hemi_20250702-231031Z_0800_0400.csv,23,192.12,191.8,-0.32,50,98,,2026-07-01T08:43:22+00:00
2025-07-03,ESS00320_1732_hemi_20250703-231030Z_0800_0400.csv,23,192.23,191.8,-0.43,50,98,,2026-07-01T08:43:38+00:00
2025-07-04,ESS00320_1754_hemi_20250704-231031Z_0800_0400.csv,23,192.33,191.7,-0.63,50,98,,2026-07-01T08:43:59+00:00
2025-07-05,ESS00320_1776_hemi_20250705-231030Z_0800_0400.csv,23,192.43,191.9,-0.53,50,98,,2026-07-01T08:44:26+00:00
2025-07-06,ESS00320_1779_hemi_20250706-021030Z_0800_0400.csv,2,192.54,191.9,-0.64,50,98,,2026-07-01T08:44:50+00:00
2025-07-07,ESS00320_1803_hemi_20250707-051028Z_0800_0400.csv,5,192.64,192.1,-0.54,50,98,,2026-07-01T08:45:10+00:00
2025-07-08,ESS00320_1842_hemi_20250708-231030Z_0800_0400.csv,23,192.75,192.1,-0.65,50,98,,2026-07-01T08:45:35+00:00
2025-07-09,ESS00320_1853_hemi_20250709-111030Z_0800_0400.csv,11,192.87,191.7,-1.17,50,98,,2026-07-01T09:47:41+00:00
2025-07-09,ESS00320_1864_hemi_20250709-231031Z_0800_0400.csv,23,192.87,192.3,-0.57,50,98,,2026-07-01T08:45:55+00:00
2025-07-10,ESS00320_1875_hemi_20250710-111030Z_0800_0400.csv,11,192.98,192.0,-0.98,50,98,,2026-07-01T09:47:57+00:00
2025-07-10,ESS00320_1886_hemi_20250710-231031Z_0800_0400.csv,23,192.98,192.4,-0.58,50,98,,2026-07-01T08:46:13+00:00
2025-07-11,ESS00320_1907_hemi_20250711-231031Z_0800_0400.csv,23,193.11,192.6,-0.51,50,98,,2026-07-01T08:46:33+00:00
2025-07-12,ESS00320_1929_hemi_20250712-231032Z_0800_0400.csv,23,193.23,192.7,-0.53,50,98,,2026-07-01T08:46:49+00:00
2025-07-13,ESS00320_1932_hemi_20250713-021031Z_0800_0400.csv,2,193.36,192.7,-0.66,50,98,,2026-07-01T08:47:06+00:00
2025-07-14,ESS00320_1973_hemi_20250714-231031Z_0800_0400.csv,23,193.5,192.6,-0.9,50,98,,2026-07-01T08:47:29+00:00
2025-07-15,ESS00320_1995_hemi_20250715-231030Z_0800_0400.csv,23,193.64,193.0,-0.64,50,98,,2026-07-01T08:47:52+00:00
2025-07-16,ESS00320_1998_hemi_20250716-021030Z_0800_0400.csv,2,193.79,192.8,-0.99,50,98,,2026-07-01T08:48:19+00:00
2025-07-17,ESS00320_2039_hemi_20250717-231030Z_0800_0400.csv,23,193.94,192.9,-1.04,50,98,,2026-07-01T08:48:38+00:00
2025-07-18,ESS00320_2061_hemi_20250718-231030Z_0800_0400.csv,23,194.1,193.1,-1.0,50,98,,2026-07-01T08:48:52+00:00
2025-07-19,ESS00320_2064_hemi_20250719-021031Z_0800_0400.csv,2,194.27,193.2,-1.07,50,98,,2026-07-01T08:49:08+00:00
2025-07-19,ESS00320_2077_hemi_20250719-171027Z_0800_0400.csv,17,194.27,192.9,-1.37,50,98,,2026-07-01T09:49:09+00:00
2025-07-20,ESS00320_2091_hemi_20250720-081031Z_0800_0400.csv,8,194.44,193.4,-1.04,50,98,,2026-07-01T08:49:23+00:00
2025-07-21,ESS00320_2127_hemi_20250721-231030Z_0800_0400.csv,23,194.61,193.7,-0.91,50,98,,2026-07-01T08:49:35+00:00
2025-07-22,ESS00320_2143_hemi_20250722-171028Z_0800_0400.csv,17,194.79,193.6,-1.19,50,98,,2026-07-01T09:49:36+00:00
2025-07-22,ESS00320_2149_hemi_20250722-231030Z_0800_0400.csv,23,194.79,193.8,-0.99,50,98,,2026-07-01T08:49:46+00:00
2025-07-23,ESS00320_2152_hemi_20250723-021030Z_0800_0400.csv,2,194.97,193.8,-1.17,50,98,,2026-07-01T08:50:04+00:00
2025-07-24,ESS00320_2182_hemi_20250724-111030Z_0800_0400.csv,11,195.16,193.8,-1.36,50,98,,2026-07-01T09:49:53+00:00
2025-07-24,ESS00320_2193_hemi_20250724-231032Z_0800_0400.csv,23,195.16,193.9,-1.26,50,98,,2026-07-01T08:50:25+00:00
2025-07-25,ESS00320_2207_hemi_20250725-141030Z_0800_0400.csv,14,195.35,194.4,-0.95,50,98,,2026-07-01T09:50:04+00:00
2025-07-25,ESS00320_2215_hemi_20250725-231030Z_0800_0400.csv,23,195.35,194.6,-0.75,50,98,,2026-07-01T08:50:47+00:00
2025-07-26,ESS00320_2218_hemi_20250726-021030Z_0800_0400.csv,2,195.55,194.5,-1.05,50,98,,2026-07-01T08:51:06+00:00
2025-07-27,ESS00320_2242_hemi_20250727-051028Z_0800_0400.csv,5,195.74,194.8,-0.94,50,98,,2026-07-01T08:51:28+00:00
2025-07-27,ESS00320_2248_hemi_20250727-111030Z_0800_0400.csv,11,195.74,195.0,-0.74,50,98,,2026-07-01T09:50:27+00:00
2025-07-28,ESS00320_2281_hemi_20250728-231029Z_0800_0400.csv,23,195.94,195.3,-0.64,50,98,,2026-07-01T08:51:47+00:00
2025-07-29,ESS00320_2303_hemi_20250729-231031Z_0800_0400.csv,23,196.15,195.5,-0.65,50,98,,2026-07-01T08:52:05+00:00
2025-07-30,ESS00320_2306_hemi_20250730-021031Z_0800_0400.csv,2,196.36,195.6,-0.76,50,98,,2026-07-01T08:52:27+00:00
2025-07-30,ESS00320_2311_hemi_20250730-081031Z_0800_0400.csv,8,196.36,195.5,-0.86,50,98,,2026-07-01T09:50:53+00:00
2025-07-31,ESS00320_2347_hemi_20250731-231030Z_0800_0400.csv,23,196.57,196.1,-0.47,50,98,,2026-07-01T08:52:40+00:00
2025-08-01,ESS00320_2350_hemi_20250801-021031Z_0800_0400.csv,2,196.8,196.3,-0.5,50,98,,2026-07-01T08:52:56+00:00
2025-08-02,ESS00320_2388_hemi_20250802-201030Z_0800_0400.csv,20,197.03,196.3,-0.73,50,98,,2026-07-01T08:53:15+00:00
2025-08-03,ESS00320_2402_hemi_20250803-111030Z_0800_0400.csv,11,197.27,196.2,-1.07,50,98,,2026-07-01T09:51:30+00:00
2025-08-03,ESS00320_2413_hemi_20250803-231029Z_0800_0400.csv,23,197.27,196.4,-0.87,50,98,,2026-07-01T08:53:33+00:00
2025-08-04,ESS00320_2435_hemi_20250804-231030Z_0800_0400.csv,23,197.51,196.5,-1.01,50,98,,2026-07-01T08:53:43+00:00
2025-08-05,ESS00320_2446_hemi_20250805-111031Z_0800_0400.csv,11,197.75,196.6,-1.15,50,98,,2026-07-01T09:51:54+00:00
2025-08-05,ESS00320_2457_hemi_20250805-231030Z_0800_0400.csv,23,197.75,196.9,-0.85,50,98,,2026-07-01T08:53:56+00:00
2025-08-06,ESS00320_2479_hemi_20250806-231029Z_0800_0400.csv,23,197.99,197.1,-0.89,50,98,,2026-07-01T08:54:11+00:00
2025-08-07,ESS00320_2501_hemi_20250807-231031Z_0800_0400.csv,23,198.22,197.4,-0.82,50,98,,2026-07-01T08:54:26+00:00
2025-08-08,ESS00320_2523_hemi_20250808-231031Z_0800_0400.csv,23,198.45,197.3,-1.15,50,98,,2026-07-01T08:54:39+00:00
2025-08-09,ESS00320_2545_hemi_20250809-231030Z_0800_0400.csv,23,198.68,197.9,-0.78,50,98,,2026-07-01T08:54:53+00:00
2025-08-10,ESS00320_2567_hemi_20250810-231031Z_0800_0400.csv,23,198.9,198.1,-0.8,50,98,,2026-07-01T08:55:11+00:00
2025-08-11,ESS00320_2589_hemi_20250811-231030Z_0800_0400.csv,23,199.11,198.1,-1.01,50,98,,2026-07-01T08:55:22+00:00
2025-08-12,ESS00320_2611_hemi_20250812-231030Z_0800_0400.csv,23,199.32,198.3,-1.02,50,98,,2026-07-01T08:55:33+00:00
2025-08-13,ESS00320_2633_hemi_20250813-231031Z_0800_0400.csv,23,199.5,198.7,-0.8,50,98,,2026-07-01T08:55:49+00:00
2025-08-14,ESS00320_2655_hemi_20250814-231032Z_0800_0400.csv,23,199.71,199.1,-0.61,50,98,,2026-07-01T08:56:08+00:00
2025-08-15,ESS00320_2666_hemi_20250815-111032Z_0800_0400.csv,11,199.91,199.2,-0.71,50,98,,2026-07-01T09:53:34+00:00
2025-08-15,ESS00320_2677_hemi_20250815-231031Z_0800_0400.csv,23,199.91,199.9,-0.01,50,98,,2026-07-01T08:56:19+00:00
2025-08-16,ESS00320_2680_hemi_20250816-021030Z_0800_0400.csv,2,200.11,199.8,-0.31,50,98,,2026-07-01T08:56:34+00:00
2025-08-17,ESS00320_2707_hemi_20250817-081030Z_0800_0400.csv,8,200.31,199.7,-0.61,50,98,,2026-07-01T09:54:07+00:00
2025-08-17,ESS00320_2721_hemi_20250817-231030Z_0800_0400.csv,23,200.31,200.3,-0.01,63,90,,2026-06-30T12:00:25+00:00
2025-08-18,ESS00320_2732_hemi_20250818-111031Z_0800_0400.csv,11,200.52,200.0,-0.52,50,98,,2026-07-01T09:54:19+00:00
2025-08-18,ESS00320_2743_hemi_20250818-231031Z_0800_0400.csv,23,200.52,200.3,-0.22,50,98,,2026-07-01T08:57:00+00:00
2025-08-19,ESS00320_2751_hemi_20250819-081031Z_0800_0400.csv,8,200.73,200.4,-0.33,50,98,,2026-07-01T09:54:30+00:00
2025-08-19,ESS00320_2765_hemi_20250819-231030Z_0800_0400.csv,23,200.73,200.1,-0.63,50,98,,2026-07-01T08:57:20+00:00
2025-08-20,ESS00320_2768_hemi_20250820-021031Z_0800_0400.csv,2,200.94,200.2,-0.74,50,98,,2026-07-01T08:57:36+00:00
2025-08-20,ESS00320_2779_hemi_20250820-141030Z_0800_0400.csv,14,200.94,200.4,-0.54,50,98,,2026-07-01T09:54:39+00:00
2025-08-21,ESS00320_2809_hemi_20250821-231031Z_0800_0400.csv,23,201.16,200.9,-0.26,50,98,,2026-07-01T08:57:52+00:00
2025-08-22,ESS00320_2831_hemi_20250822-231031Z_0800_0400.csv,23,201.38,200.7,-0.68,50,98,,2026-07-01T08:58:10+00:00
2025-08-23,ESS00320_2834_hemi_20250823-021031Z_0800_0400.csv,2,201.62,199.5,-2.12,50,98,,2026-07-01T09:56:04+00:00
2025-08-23,ESS00320_2842_hemi_20250823-111030Z_0800_0400.csv,11,201.62,198.8,-2.82,50,98,,2026-07-01T09:55:22+00:00
2025-08-23,ESS00320_2853_hemi_20250823-231031Z_0800_0400.csv,23,201.62,199.0,-2.62,50,98,,2026-07-01T08:58:29+00:00
2025-08-24,ESS00320_2875_hemi_20250824-231030Z_0800_0400.csv,23,201.86,199.3,-2.56,50,98,,2026-07-01T08:58:41+00:00
2025-08-25,ESS00320_2897_hemi_20250825-231030Z_0800_0400.csv,23,202.1,199.6,-2.5,50,98,,2026-07-01T08:58:54+00:00
2025-08-26,ESS00320_2900_hemi_20250826-021030Z_0800_0400.csv,2,202.35,199.7,-2.65,50,98,,2026-07-01T08:59:08+00:00
2025-08-27,ESS00320_2927_hemi_20250827-081031Z_0800_0400.csv,8,202.61,200.2,-2.41,50,98,,2026-07-01T09:56:55+00:00
2025-08-27,ESS00320_2938_hemi_20250827-201030Z_0800_0400.csv,20,202.61,200.3,-2.31,50,98,,2026-07-01T08:59:21+00:00
2025-08-28,ESS00320_2960_hemi_20250828-201030Z_0800_0400.csv,20,202.88,200.8,-2.08,50,98,,2026-07-01T08:59:33+00:00
2025-08-29,ESS00320_2974_hemi_20250829-111030Z_0800_0400.csv,11,203.15,201.0,-2.15,50,98,,2026-07-01T09:57:16+00:00
2025-08-29,ESS00320_2985_hemi_20250829-231031Z_0800_0400.csv,23,203.15,201.1,-2.05,50,98,,2026-07-01T08:59:47+00:00
2025-08-30,ESS00320_2996_hemi_20250830-111030Z_0800_0400.csv,11,203.43,200.9,-2.53,50,98,,2026-07-01T09:57:28+00:00
2025-08-30,ESS00320_3007_hemi_20250830-231030Z_0800_0400.csv,23,203.43,201.5,-1.93,50,98,,2026-07-01T08:59:56+00:00
2025-08-31,ESS00320_3026_hemi_20250831-201030Z_0800_0400.csv,20,203.73,201.6,-2.13,50,98,,2026-07-01T09:00:06+00:00
2025-09-01,ESS00320_3051_hemi_20250901-231029Z_0800_0400.csv,23,204.06,201.9,-2.16,50,98,,2026-07-01T09:00:20+00:00
2025-09-02,ESS00320_3065_hemi_20250902-141031Z_0800_0400.csv,14,204.36,202.3,-2.06,50,98,,2026-07-01T09:57:57+00:00
2025-09-02,ESS00320_3073_hemi_20250902-231030Z_0800_0400.csv,23,204.36,202.5,-1.86,50,98,,2026-07-01T09:00:34+00:00
2025-09-03,ESS00320_3076_hemi_20250903-021030Z_0800_0400.csv,2,204.66,202.6,-2.06,50,98,,2026-07-01T09:00:48+00:00
2025-09-04,ESS00320_3103_hemi_20250904-081031Z_0800_0400.csv,8,204.97,202.6,-2.37,50,98,,2026-07-01T09:58:24+00:00
2025-09-04,ESS00320_3117_hemi_20250904-231031Z_0800_0400.csv,23,204.97,202.5,-2.47,50,98,,2026-07-01T09:01:13+00:00
2025-09-05,ESS00320_3122_hemi_20250905-051027Z_0800_0400.csv,5,205.27,202.9,-2.37,50,98,,2026-07-01T09:59:16+00:00
2025-09-05,ESS00320_3128_hemi_20250905-111030Z_0800_0400.csv,11,205.27,203.3,-1.97,50,98,,2026-07-01T09:58:49+00:00
2025-09-05,ESS00320_3139_hemi_20250905-231032Z_0800_0400.csv,23,205.27,203.5,-1.77,50,98,,2026-07-01T09:01:33+00:00
2025-09-06,ESS00320_3161_hemi_20250906-231031Z_0800_0400.csv,23,205.56,203.7,-1.86,50,98,,2026-07-01T09:01:51+00:00
2025-09-07,ESS00320_3183_hemi_20250907-231031Z_0800_0400.csv,23,205.83,204.3,-1.53,50,98,,2026-07-01T09:02:08+00:00
2025-09-08,ESS00320_3199_hemi_20250908-171028Z_0800_0400.csv,17,206.08,204.5,-1.58,50,98,,2026-07-01T09:02:46+00:00
2025-09-09,ESS00320_3216_hemi_20250909-111031Z_0800_0400.csv,11,206.31,204.4,-1.91,50,98,,2026-07-01T10:00:00+00:00
2025-09-09,ESS00320_3227_hemi_20250909-231031Z_0800_0400.csv,23,206.31,205.0,-1.31,50,98,,2026-07-01T09:03:04+00:00
2025-09-10,ESS00320_3235_hemi_20250910-081029Z_0800_0400.csv,8,206.51,205.8,-0.71,50,98,,2026-07-01T10:00:26+00:00
2025-09-10,ESS00320_3246_hemi_20250910-201031Z_0800_0400.csv,20,206.51,206.4,-0.11,50,98,,2026-07-01T09:03:17+00:00
2025-09-11,ESS00320_3271_hemi_20250911-231030Z_0800_0400.csv,23,206.68,206.8,0.12,62,85,,2026-06-30T12:10:19+00:00
2025-09-12,ESS00320_3282_hemi_20250912-111030Z_0800_0400.csv,11,206.83,207.1,0.27,50,98,,2026-07-01T10:00:50+00:00
2025-09-12,ESS00320_3293_hemi_20250912-231030Z_0800_0400.csv,23,206.83,207.3,0.47,50,98,,2026-07-01T09:03:47+00:00
2025-09-13,ESS00320_3296_hemi_20250913-021030Z_0800_0400.csv,2,206.97,208.2,1.23,62,85,,2026-06-30T12:11:19+00:00
2025-09-13,ESS00320_3307_hemi_20250913-141030Z_0800_0400.csv,14,206.97,208.7,1.73,50,98,,2026-07-01T10:01:08+00:00
2025-09-14,ESS00320_3337_hemi_20250914-231031Z_0800_0400.csv,23,207.1,208.8,1.7,50,98,,2026-07-01T09:04:12+00:00
2025-09-15,ESS00320_3359_hemi_20250915-231031Z_0800_0400.csv,23,207.21,209.2,1.99,62,85,,2026-06-30T12:12:10+00:00
2025-09-16,ESS00320_3382_hemi_20250916-231030Z_0800_0400.csv,23,207.33,208.9,1.57,50,98,,2026-07-01T09:04:49+00:00
2025-09-17,ESS00320_3393_hemi_20250917-111030Z_0800_0400.csv,11,207.44,208.7,1.26,50,98,,2026-07-01T10:02:09+00:00
2025-09-17,ESS00320_3404_hemi_20250917-231030Z_0800_0400.csv,23,207.44,208.8,1.36,50,98,,2026-07-01T09:05:08+00:00
2025-09-18,ESS00320_3426_hemi_20250918-231030Z_0800_0400.csv,23,207.55,208.8,1.25,50,98,,2026-07-01T09:05:20+00:00
2025-09-19,ESS00320_3448_hemi_20250919-231030Z_0800_0400.csv,23,207.66,208.7,1.04,62,85,,2026-06-30T12:14:25+00:00
2025-09-20,ESS00320_3459_hemi_20250920-111031Z_0800_0400.csv,11,207.76,208.7,0.94,50,98,,2026-07-01T10:02:36+00:00
2025-09-20,ESS00320_3470_hemi_20250920-231031Z_0800_0400.csv,23,207.76,208.8,1.04,62,85,,2026-06-30T12:14:32+00:00
2025-09-21,ESS00320_3473_hemi_20250921-021030Z_0800_0400.csv,2,207.86,208.7,0.84,50,98,,2026-07-01T09:06:04+00:00
2025-09-22,ESS00320_3506_hemi_20250922-141031Z_0800_0400.csv,14,207.95,208.8,0.85,50,98,,2026-07-01T09:06:44+00:00
2025-09-23,ESS00320_3525_hemi_20250923-111030Z_0800_0400.csv,11,208.02,208.8,0.78,50,98,,2026-07-01T09:06:59+00:00
2025-09-24,ESS00320_3558_hemi_20250924-231031Z_0800_0400.csv,23,208.09,204.5,-3.59,50,98,,2026-07-01T09:07:21+00:00
2025-09-25,ESS00320_3572_hemi_20250925-141031Z_0800_0400.csv,14,208.14,204.4,-3.74,50,98,,2026-07-01T09:07:38+00:00
2025-09-26,ESS00320_3602_hemi_20250926-231030Z_0800_0400.csv,23,208.17,205.0,-3.17,50,98,,2026-07-01T09:07:52+00:00
2025-09-27,ESS00320_3616_hemi_20250927-141029Z_0800_0400.csv,14,208.19,205.2,-2.99,50,98,,2026-07-01T09:08:08+00:00
2025-09-28,ESS00320_3646_hemi_20250928-231030Z_0800_0400.csv,23,208.21,205.2,-3.01,50,98,,2026-07-01T09:08:21+00:00
2025-09-29,ESS00320_3657_hemi_20250929-111030Z_0800_0400.csv,11,208.18,205.2,-2.98,50,98,,2026-07-01T10:03:47+00:00
2025-09-29,ESS00320_3665_hemi_20250929-201030Z_0800_0400.csv,20,208.18,205.5,-2.68,62,85,,2026-06-30T12:17:52+00:00
2025-09-30,ESS00320_3684_hemi_20250930-171028Z_0800_0400.csv,17,208.15,205.3,-2.85,50,98,,2026-07-01T09:08:54+00:00
2025-10-01,ESS00320_3712_hemi_20251001-231031Z_0800_0400.csv,23,208.12,205.5,-2.62,50,98,,2026-07-01T09:09:18+00:00
2025-10-02,ESS00320_3731_hemi_20251002-201030Z_0800_0400.csv,20,208.08,205.5,-2.58,50,98,,2026-07-01T09:09:36+00:00
2025-10-03,ESS00320_3745_hemi_20251003-111032Z_0800_0400.csv,11,208.03,205.5,-2.53,50,98,,2026-07-01T10:06:21+00:00
2025-10-03,ESS00320_3756_hemi_20251003-231031Z_0800_0400.csv,23,208.03,206.0,-2.03,50,98,,2026-07-01T09:09:50+00:00
2025-10-04,ESS00320_3759_hemi_20251004-021031Z_0800_0400.csv,2,207.98,205.9,-2.08,50,98,,2026-07-01T09:10:06+00:00
2025-10-05,ESS00320_3781_hemi_20251005-021034Z_0800_0400.csv,2,207.94,205.9,-2.04,50,98,,2026-07-01T09:10:20+00:00
2025-10-06,ESS00320_3811_hemi_20251006-111031Z_0800_0400.csv,11,207.91,206.0,-1.91,50,98,,2026-07-01T10:06:47+00:00
2025-10-06,ESS00320_3822_hemi_20251006-231031Z_0800_0400.csv,23,207.91,206.1,-1.81,50,98,,2026-07-01T09:10:29+00:00
2025-10-07,ESS00320_3844_hemi_20251007-231029Z_0800_0400.csv,23,207.89,206.2,-1.69,50,98,,2026-07-01T09:10:45+00:00
2025-10-08,ESS00320_3863_hemi_20251008-201031Z_0800_0400.csv,20,207.88,206.1,-1.78,50,98,,2026-07-01T09:10:58+00:00
2025-10-09,ESS00320_3888_hemi_20251009-231030Z_0800_0400.csv,23,207.88,206.2,-1.68,50,98,,2026-07-01T09:11:12+00:00
2025-10-10,ESS00320_3910_hemi_20251010-231032Z_0800_0400.csv,23,207.9,206.2,-1.7,50,98,,2026-07-01T09:11:23+00:00
2025-10-11,ESS00320_3921_hemi_20251011-111030Z_0800_0400.csv,11,207.91,206.3,-1.61,50,98,,2026-07-01T10:07:32+00:00
2025-10-11,ESS00320_3932_hemi_20251011-231030Z_0800_0400.csv,23,207.91,206.5,-1.41,62,85,,2026-06-30T12:28:23+00:00
2025-10-12,ESS00320_3954_hemi_20251012-231030Z_0800_0400.csv,23,207.93,206.1,-1.83,50,98,,2026-07-01T09:11:48+00:00
2025-10-13,ESS00320_3965_hemi_20251013-111031Z_0800_0400.csv,11,207.95,206.2,-1.75,50,98,,2026-07-01T10:07:49+00:00
2025-10-13,ESS00320_3976_hemi_20251013-231031Z_0800_0400.csv,23,207.95,206.1,-1.85,50,98,,2026-07-01T09:11:59+00:00
2025-10-14,ESS00320_3987_hemi_20251014-111030Z_0800_0400.csv,11,207.95,206.6,-1.35,50,98,,2026-07-01T10:08:04+00:00
2025-10-14,ESS00320_3998_hemi_20251014-231030Z_0800_0400.csv,23,207.95,206.8,-1.15,62,85,,2026-06-30T12:29:32+00:00
2025-10-15,ESS00320_4020_hemi_20251015-231030Z_0800_0400.csv,23,207.94,206.8,-1.14,50,98,,2026-07-01T09:12:24+00:00
2025-10-16,ESS00320_4042_hemi_20251016-231031Z_0800_0400.csv,23,207.91,206.9,-1.01,50,98,,2026-07-01T09:12:34+00:00
2025-10-17,ESS00320_4064_hemi_20251017-231030Z_0800_0400.csv,23,207.86,207.0,-0.86,50,98,,2026-07-01T09:12:43+00:00
2025-10-18,ESS00320_4086_hemi_20251018-231030Z_0800_0400.csv,23,207.78,207.1,-0.68,50,98,,2026-07-01T09:12:58+00:00
2025-10-19,ESS00320_4105_hemi_20251019-201030Z_0800_0400.csv,20,207.74,207.1,-0.64,62,85,,2026-06-30T12:30:49+00:00
2025-10-20,ESS00320_4124_hemi_20251020-171028Z_0800_0400.csv,17,207.61,207.1,-0.51,50,98,,2026-07-01T09:13:21+00:00
2025-10-21,ESS00320_4146_hemi_20251021-171029Z_0800_0400.csv,17,207.52,206.9,-0.62,50,98,,2026-07-01T09:13:36+00:00
2025-10-22,ESS00320_4171_hemi_20251022-201030Z_0800_0400.csv,20,207.32,207.0,-0.32,50,98,,2026-07-01T09:13:50+00:00
2025-10-23,ESS00320_4196_hemi_20251023-231030Z_0800_0400.csv,23,206.97,207.2,0.23,62,85,,2026-06-30T12:31:27+00:00
2025-10-24,ESS00320_4204_hemi_20251024-081031Z_0800_0400.csv,8,206.61,207.2,0.59,50,98,,2026-07-01T10:09:47+00:00
2025-10-24,ESS00320_4212_hemi_20251024-171027Z_0800_0400.csv,17,206.61,207.4,0.79,62,85,,2026-06-30T12:31:58+00:00
2025-10-25,ESS00320_4223_hemi_20251025-051028Z_0800_0400.csv,5,206.34,207.3,0.96,50,98,,2026-07-01T10:10:03+00:00
2025-10-25,ESS00320_4237_hemi_20251025-201030Z_0800_0400.csv,20,206.34,207.3,0.96,62,85,,2026-06-30T12:32:06+00:00
2025-10-26,ESS00320_4245_hemi_20251026-051028Z_0800_0400.csv,5,206.07,207.4,1.33,62,85,,2026-06-30T12:32:29+00:00
2025-10-27,ESS00320_4284_hemi_20251027-231030Z_0800_0400.csv,23,205.8,207.4,1.6,50,98,,2026-07-01T09:14:42+00:00
2025-10-28,ESS00320_4289_hemi_20251028-051027Z_0800_0400.csv,5,205.54,207.1,1.56,50,98,,2026-07-01T10:10:33+00:00
2025-10-28,ESS00320_4306_hemi_20251028-231031Z_0800_0400.csv,23,205.54,207.2,1.66,50,98,,2026-07-01T09:14:59+00:00
2025-10-29,ESS00320_4309_hemi_20251029-021031Z_0800_0400.csv,2,205.29,207.7,2.41,62,85,,2026-06-30T12:33:14+00:00
2025-10-29,ESS00320_4320_hemi_20251029-141031Z_0800_0400.csv,14,205.29,207.2,1.91,50,98,,2026-07-01T10:10:53+00:00
2025-10-30,ESS00320_4336_hemi_20251030-081030Z_0800_0400.csv,8,205.05,207.3,2.25,50,98,,2026-07-01T10:11:03+00:00
2025-10-30,ESS00320_4347_hemi_20251030-201030Z_0800_0400.csv,20,205.05,207.5,2.45,62,85,,2026-06-30T12:33:38+00:00
2025-10-31,ESS00320_4361_hemi_20251031-111030Z_0800_0400.csv,11,204.82,207.7,2.88,50,98,,2026-07-01T10:11:16+00:00
2025-10-31,ESS00320_4372_hemi_20251031-231030Z_0800_0400.csv,23,204.82,208.0,3.18,62,85,,2026-06-30T12:34:05+00:00
2025-11-01,ESS00320_4380_hemi_20251101-081030Z_0800_0400.csv,8,204.61,207.8,3.19,50,98,,2026-07-01T09:15:44+00:00
2025-11-02,ESS00320_4416_hemi_20251102-231030Z_0800_0400.csv,23,204.42,207.9,3.48,62,85,,2026-06-30T12:35:24+00:00
2025-11-03,ESS00320_4419_hemi_20251103-021029Z_0800_0400.csv,2,204.22,207.8,3.58,50,98,,2026-07-01T09:16:09+00:00
2025-11-04,ESS00320_4457_hemi_20251104-201030Z_0800_0400.csv,20,204.03,207.9,3.87,50,98,,2026-07-01T09:16:20+00:00
2025-11-05,ESS00320_4479_hemi_20251105-201030Z_0800_0400.csv,20,203.84,208.0,4.16,50,98,,2026-07-01T09:16:37+00:00
2025-11-06,ESS00320_4501_hemi_20251106-201032Z_0800_0400.csv,20,203.65,208.0,4.35,62,85,,2026-06-30T12:36:51+00:00
2025-11-08,ESS00320_4540_hemi_20251108-141030Z_0800_0400.csv,14,203.27,208.1,4.83,50,98,,2026-07-01T09:17:02+00:00
2025-11-09,ESS00320_4562_hemi_20251109-141030Z_0800_0400.csv,14,203.08,208.2,5.12,50,98,,2026-07-01T09:17:16+00:00
2025-11-10,ESS00320_4592_hemi_20251110-231030Z_0800_0400.csv,23,202.88,208.2,5.32,50,98,,2026-07-01T09:17:26+00:00
2025-11-11,ESS00320_4595_hemi_20251111-021030Z_0800_0400.csv,2,202.67,208.2,5.53,50,98,,2026-07-01T09:17:44+00:00
2025-11-12,ESS00320_4625_hemi_20251112-111030Z_0800_0400.csv,11,202.47,208.1,5.63,50,98,,2026-07-01T10:12:59+00:00
2025-11-12,ESS00320_4636_hemi_20251112-231029Z_0800_0400.csv,23,202.47,208.2,5.73,50,98,,2026-07-01T09:17:57+00:00
2025-11-13,ESS00320_4647_hemi_20251113-111031Z_0800_0400.csv,11,202.28,208.1,5.82,50,98,,2026-07-01T10:13:12+00:00
2025-11-13,ESS00320_4658_hemi_20251113-231031Z_0800_0400.csv,23,202.28,208.3,6.02,50,98,,2026-07-01T09:18:07+00:00
2025-11-14,ESS00320_4669_hemi_20251114-111031Z_0800_0400.csv,11,202.1,208.2,6.1,50,98,,2026-07-01T10:13:24+00:00
2025-11-14,ESS00320_4680_hemi_20251114-231030Z_0800_0400.csv,23,202.1,208.0,5.9,50,98,,2026-07-01T09:18:23+00:00
2025-11-15,ESS00320_4683_hemi_20251115-021031Z_0800_0400.csv,2,201.95,208.1,6.15,50,98,,2026-07-01T09:18:36+00:00
2025-11-15,ESS00320_4694_hemi_20251115-141033Z_0800_0400.csv,14,201.95,208.2,6.25,50,98,,2026-07-01T10:13:34+00:00
2025-11-16,ESS00320_4721_hemi_20251116-201030Z_0800_0400.csv,20,201.82,208.7,6.88,50,98,,2026-07-01T09:18:49+00:00
2025-11-17,ESS00320_4746_hemi_20251117-231031Z_0800_0400.csv,23,201.73,208.7,6.97,62,85,,2026-06-30T12:44:10+00:00
2025-11-18,ESS00320_4768_hemi_20251118-231030Z_0800_0400.csv,23,201.66,208.7,7.04,62,85,,2026-06-30T12:44:30+00:00
2025-11-19,ESS00320_4790_hemi_20251119-231031Z_0800_0400.csv,23,201.74,208.8,7.06,50,98,,2026-07-01T09:19:27+00:00
2025-11-20,ESS00320_4795_hemi_20251120-051028Z_0800_0400.csv,5,201.83,208.8,6.97,50,98,,2026-07-01T09:19:41+00:00
2025-11-21,ESS00320_4820_hemi_20251121-081030Z_0800_0400.csv,8,201.92,208.9,6.98,50,98,,2026-07-01T10:14:33+00:00
2025-11-21,ESS00320_4834_hemi_20251121-231031Z_0800_0400.csv,23,201.92,209.0,7.08,50,98,,2026-07-01T09:19:49+00:00
2025-11-22,ESS00320_4845_hemi_20251122-111031Z_0800_0400.csv,11,202.01,208.9,6.89,50,98,,2026-07-01T10:14:42+00:00
2025-11-22,ESS00320_4856_hemi_20251122-231029Z_0800_0400.csv,23,202.01,209.0,6.99,62,85,,2026-06-30T12:45:53+00:00
2025-11-23,ESS00320_4859_hemi_20251123-021031Z_0800_0400.csv,2,202.1,209.0,6.9,50,98,,2026-07-01T09:20:08+00:00
2025-11-24,ESS00320_4900_hemi_20251124-231030Z_0800_0400.csv,23,202.19,209.1,6.91,50,98,,2026-07-01T09:20:20+00:00
2025-11-25,ESS00320_4903_hemi_20251125-021029Z_0800_0400.csv,2,202.28,209.1,6.82,62,85,,2026-06-30T12:47:00+00:00
2025-11-26,ESS00320_4944_hemi_20251126-231030Z_0800_0400.csv,23,202.38,209.1,6.72,50,98,,2026-07-01T09:20:40+00:00
2025-11-27,ESS00320_4966_hemi_20251127-231030Z_0800_0400.csv,23,202.47,209.1,6.63,62,85,,2026-06-30T12:48:05+00:00
2025-11-28,ESS00320_4985_hemi_20251128-201029Z_0800_0400.csv,20,202.57,209.1,6.53,50,98,,2026-07-01T09:21:21+00:00
2025-11-29,ESS00320_5007_hemi_20251129-201030Z_0800_0400.csv,20,202.67,209.1,6.43,62,85,,2026-06-30T12:48:58+00:00
2025-11-30,ESS00320_5032_hemi_20251130-231031Z_0800_0400.csv,23,202.78,209.4,6.62,62,85,,2026-06-30T12:49:26+00:00
2025-12-01,ESS00320_5043_hemi_20251201-111030Z_0800_0400.csv,11,202.88,209.3,6.42,50,98,,2026-07-01T10:16:17+00:00
2025-12-01,ESS00320_5054_hemi_20251201-231031Z_0800_0400.csv,23,202.88,209.3,6.42,62,85,,2026-06-30T12:49:48+00:00
2025-12-02,ESS00320_5076_hemi_20251202-231030Z_0800_0400.csv,23,202.99,209.3,6.31,50,98,,2026-07-01T09:22:14+00:00
2025-12-03,ESS00320_5087_hemi_20251203-111030Z_0800_0400.csv,11,203.1,209.0,5.9,50,98,,2026-07-01T10:16:38+00:00
2025-12-03,ESS00320_5098_hemi_20251203-231030Z_0800_0400.csv,23,203.1,209.1,6.0,62,85,,2026-06-30T12:50:25+00:00
2025-12-04,ESS00320_5109_hemi_20251204-111030Z_0800_0400.csv,11,203.21,209.3,6.09,50,98,,2026-07-01T10:16:49+00:00
2025-12-04,ESS00320_5120_hemi_20251204-231030Z_0800_0400.csv,23,203.21,209.6,6.39,50,98,,2026-07-01T09:22:36+00:00
2025-12-05,ESS00320_5142_hemi_20251205-231030Z_0800_0400.csv,23,203.33,209.6,6.27,50,98,,2026-07-01T09:22:48+00:00
2025-12-06,ESS00320_5145_hemi_20251206-021030Z_0800_0400.csv,2,203.44,209.7,6.26,62,85,,2026-06-30T12:51:36+00:00
2025-12-06,ESS00320_5156_hemi_20251206-141030Z_0800_0400.csv,14,203.44,209.9,6.46,50,98,,2026-07-01T10:17:06+00:00
2025-12-07,ESS00320_5172_hemi_20251207-081030Z_0800_0400.csv,8,203.56,209.7,6.14,50,98,,2026-07-01T10:17:20+00:00
2025-12-07,ESS00320_5186_hemi_20251207-231030Z_0800_0400.csv,23,203.56,209.9,6.34,62,85,,2026-06-30T12:51:55+00:00
2025-12-08,ESS00320_5197_hemi_20251208-111030Z_0800_0400.csv,11,203.68,209.7,6.02,50,98,,2026-07-01T10:17:29+00:00
2025-12-08,ESS00320_5208_hemi_20251208-231031Z_0800_0400.csv,23,203.68,209.8,6.12,50,98,,2026-07-01T09:23:25+00:00
2025-12-09,ESS00320_5219_hemi_20251209-111030Z_0800_0400.csv,11,203.8,209.7,5.9,50,98,,2026-07-01T10:17:38+00:00
2025-12-09,ESS00320_5230_hemi_20251209-231031Z_0800_0400.csv,23,203.8,209.7,5.9,50,98,,2026-07-01T09:23:39+00:00
2025-12-10,ESS00320_5233_hemi_20251210-021030Z_0800_0400.csv,2,203.93,209.8,5.87,50,98,,2026-07-01T09:23:53+00:00
2025-12-10,ESS00320_5244_hemi_20251210-141029Z_0800_0400.csv,14,203.93,209.7,5.77,50,98,,2026-07-01T10:17:49+00:00
2025-12-11,ESS00320_5271_hemi_20251211-201030Z_0800_0400.csv,20,204.05,209.8,5.75,50,98,,2026-07-01T09:24:06+00:00
2025-12-12,ESS00320_5296_hemi_20251212-231030Z_0800_0400.csv,23,204.17,210.0,5.83,62,85,,2026-06-30T12:53:36+00:00
2025-12-13,ESS00320_5318_hemi_20251213-231030Z_0800_0400.csv,23,204.3,210.0,5.7,62,85,,2026-06-30T12:53:54+00:00
2025-12-14,ESS00320_5340_hemi_20251214-231031Z_0800_0400.csv,23,204.42,210.0,5.58,50,98,,2026-07-01T09:24:43+00:00
2025-12-15,ESS00320_5343_hemi_20251215-021031Z_0800_0400.csv,2,204.55,210.0,5.45,62,85,,2026-06-30T12:55:01+00:00
